"login","user_id","user_icon","identifications","species","wg","wg"
"maractwin",10787,"https://static.inaturalist.org/attachments/users/icons/10787/medium.jpg?1479735613",2699,1540,1,1
"sascha_schulz",353565,"https://static.inaturalist.org/attachments/users/icons/353565/medium.jpg?1477112796",1465,687,1,1
"richardling",357375,"https://static.inaturalist.org/attachments/users/icons/357375/medium.jpg?1484462740",1275,342,1,1
"pmk00001",204678,"https://static.inaturalist.org/attachments/users/icons/204678/medium.jpg?1491596497",1247,313,1,1
"ralfmagee",376665,"https://static.inaturalist.org/attachments/users/icons/376665/medium.jpg?1480922620",1222,793,1,1
"lovelyclemmy",38700,"https://static.inaturalist.org/attachments/users/icons/38700/medium.jpg?1475547573",1051,700,1,1
"davidr",3403,"https://static.inaturalist.org/attachments/users/icons/3403/medium.jpg?1475528831",967,738,1,1
"ianbanks",357476,"https://static.inaturalist.org/attachments/users/icons/357476/medium.jpg?1511380393",937,158,1,1
"johnturnbull",24009,"https://static.inaturalist.org/attachments/users/icons/24009/medium.jpg?1480743296",880,324,1,1
"quiggifur",505122,"https://static.inaturalist.org/attachments/users/icons/505122/medium.jpg?1497051977",612,75,0,1
"eschlogl",356301,"https://static.inaturalist.org/attachments/users/icons/356301/medium.jpg?1478305414",541,513,1,0
"fiftygrit",358705,"https://static.inaturalist.org/attachments/users/icons/358705/medium.jpg?1477543194",533,216,1,0
"fishesoftexas",10601,"https://static.inaturalist.org/attachments/users/icons/10601/medium.png?1475532714",512,127,1,1
"anthonygill",349174,"https://static.inaturalist.org/attachments/users/icons/349174/medium.jpg?1477973762",510,316,1,0
"fdouglasmartin",10738,"https://static.inaturalist.org/attachments/users/icons/10738/medium.jpg?1475532755",444,214,1,1
"markmcg",318428,"https://static.inaturalist.org/attachments/users/icons/318428/medium.jpg?1478299258",407,369,1,0
"nakarb",677594,"https://static.inaturalist.org/attachments/users/icons/677594/medium.png?1508533090",397,193,1,1
"alex_bairstow",317669,"https://static.inaturalist.org/attachments/users/icons/317669/medium.jpg?1504400797",394,104,1,0
"tortuga_rapido",10162,"https://static.inaturalist.org/attachments/users/icons/10162/medium.jpg?1475532444",361,81,0,0
"neild",257303,"https://static.inaturalist.org/attachments/users/icons/257303/medium.png?1482787697",346,172,1,0
"clinton",56848,"https://static.inaturalist.org/attachments/users/icons/56848/medium.jpg?1475589416",342,216,1,0
"christian77amador",87570,"https://static.inaturalist.org/attachments/users/icons/87570/medium.png?1475547853",342,118,1,0
"henrick",418825,"https://static.inaturalist.org/attachments/users/icons/418825/medium.jpg?1499171247",305,125,1,0
"nyoni-pete",108966,"https://static.inaturalist.org/attachments/users/icons/108966/medium.jpg?1483508590",296,166,1,0
"ken_flan",35706,"https://static.inaturalist.org/attachments/users/icons/35706/medium.jpeg?1476512903",266,31,0,0
"gina_mascord",534726,"https://static.inaturalist.org/attachments/users/icons/534726/medium.jpg?1500345984",266,102,1,0
"andrewtrevor-jones",125670,"https://static.inaturalist.org/attachments/users/icons/125670/medium.jpg?1485287506",265,43,0,0
"bradleyfishes",641347,"https://static.inaturalist.org/attachments/users/icons/641347/medium.jpg?1506221846",245,95,1,0
"mako252",18812,"https://static.inaturalist.org/attachments/users/icons/18812/medium.jpg?1491249260",226,142,1,0
"jeffmci9",435598,"https://static.inaturalist.org/attachments/users/icons/435598/medium.jpg?1491017960",211,42,0,0
"harryrosenthal",352056,"https://static.inaturalist.org/attachments/users/icons/352056/medium.jpg?1477346972",197,139,1,0
"nicklambert",661392,"https://static.inaturalist.org/attachments/users/icons/661392/medium.jpg?1510989569",194,63,0,0
"hix",372485,"https://static.inaturalist.org/attachments/users/icons/372485/medium.jpg?1479911434",174,250,1,1
"blakesito",67003,"https://static.inaturalist.org/attachments/users/icons/67003/medium.jpg?1512189572",173,45,0,0
"loarie",477,"https://static.inaturalist.org/attachments/users/icons/477/medium.jpg?1475527574",168,219,1,0
"scottgibson",592299,"https://static.inaturalist.org/attachments/users/icons/592299/medium.jpg?1504120758",161,66,0,0
"shoalbandit",122665,"https://static.inaturalist.org/attachments/users/icons/122665/medium.jpg?1508182670",157,14,0,0
"jujurenoult",175009,"https://static.inaturalist.org/attachments/users/icons/175009/medium.jpg?1475543600",155,223,1,1
"johnsear",357545,"https://static.inaturalist.org/attachments/users/icons/357545/medium.jpg?1484473364",152,347,1,0
"nv_multispeciesfishing",535133,"https://static.inaturalist.org/attachments/users/icons/535133/medium.jpeg?1500491798",143,36,0,0
"amyers",525363,"https://static.inaturalist.org/attachments/users/icons/525363/medium.jpg?1507298529",141,45,0,0
"anudibranchmom",26610,"https://static.inaturalist.org/attachments/users/icons/26610/medium.jpg?1475541139",132,144,1,1
"rmcminds",285603,"https://static.inaturalist.org/attachments/users/icons/285603/medium.jpg?1475531256",131,81,0,0
"spela",513171,"https://static.inaturalist.org/attachments/users/icons/513171/medium.jpg?1497975316",128,42,0,1
"insequentways",653415,"https://static.inaturalist.org/attachments/users/icons/653415/medium.jpg?1506913211",125,104,1,0
"noaboa",277896,"https://static.inaturalist.org/attachments/users/icons/277896/medium.jpeg?1510606835",116,103,1,0
"ekmoody",382741,"https://static.inaturalist.org/attachments/users/icons/382741/medium.jpg?1482363294",116,72,0,0
"stonius",382473,"https://static.inaturalist.org/attachments/users/icons/382473/medium.jpg?1484892981",115,60,0,0
"debaston",478579,"",114,77,0,0
"lisa_bennett",59227,"https://static.inaturalist.org/attachments/users/icons/59227/medium.jpg?1475588596",112,120,1,0
"tobler",29712,"https://static.inaturalist.org/attachments/users/icons/29712/medium.png?1475543053",111,199,0,0
"tantsusoo",17069,"https://static.inaturalist.org/attachments/users/icons/17069/medium.jpeg?1475536383",108,98,0,0
"bkorol",533871,"https://static.inaturalist.org/attachments/users/icons/533871/medium.jpg?1500340689",106,79,0,0
"tamsynmann",613941,"https://static.inaturalist.org/attachments/users/icons/613941/medium.jpg?1504435496",102,79,0,0
"leecain",25763,"https://static.inaturalist.org/attachments/users/icons/25763/medium.jpg?1489861788",100,32,0,0
"robvanepps",19858,"https://static.inaturalist.org/attachments/users/icons/19858/medium.jpg?1475538108",96,90,0,0
"thibaudaronson",645653,"https://static.inaturalist.org/attachments/users/icons/645653/medium.jpg?1512986703",94,72,0,0
"georgia_poyner",377193,"https://static.inaturalist.org/attachments/users/icons/377193/medium.jpg?1491977076",93,58,0,0
"oryzias",30342,"https://static.inaturalist.org/attachments/users/icons/30342/medium.jpg?1475543381",87,107,0,1
"mscott",737296,"",87,79,0,0
"mmulqueen",384718,"https://static.inaturalist.org/attachments/users/icons/384718/medium.jpg?1494637779",85,55,0,0
"aaronramon",62176,"https://static.inaturalist.org/attachments/users/icons/62176/medium.jpg?1475589929",84,41,0,0
"leptonia",5179,"https://static.inaturalist.org/attachments/users/icons/5179/medium.jpg?1492195206",83,68,0,0
"sea-kangaroo",2991,"https://static.inaturalist.org/attachments/users/icons/2991/medium.jpg?1475528667",81,416,0,0
"mjcasarez",11481,"https://static.inaturalist.org/attachments/users/icons/11481/medium.jpg?1488302961",80,80,0,0
"calopteryx",30601,"https://static.inaturalist.org/attachments/users/icons/30601/medium.jpg?1475543524",80,35,0,0
"rfoster",388888,"",80,61,0,0
"gonodactylus",188597,"https://static.inaturalist.org/attachments/users/icons/188597/medium.jpg?1475539477",78,111,0,1
"sflax",511785,"https://static.inaturalist.org/attachments/users/icons/511785/medium.jpg?1503620065",76,37,0,0
"martingrimm",32124,"https://static.inaturalist.org/attachments/users/icons/32124/medium.jpg?1475545052",74,80,0,0
"jeffwj",361810,"",74,62,0,0
"stanvrem",615980,"https://static.inaturalist.org/attachments/users/icons/615980/medium.png?1504689259",74,59,0,1
"madcap3693",135019,"https://static.inaturalist.org/attachments/users/icons/135019/medium.jpg?1494277131",73,20,0,0
"michaelbakkerpaiva",25160,"https://static.inaturalist.org/attachments/users/icons/25160/medium.png?1501086737",71,27,0,1
"ldacosta",29729,"https://static.inaturalist.org/attachments/users/icons/29729/medium.jpeg?1475543064",67,36,0,0
"seahorses_of_the_world",56167,"https://static.inaturalist.org/attachments/users/icons/56167/medium.jpg?1475589211",67,22,0,0
"mrfish33",35478,"https://static.inaturalist.org/attachments/users/icons/35478/medium.png?1475546347",65,78,0,0
"flabellare223",359145,"https://static.inaturalist.org/attachments/users/icons/359145/medium.jpg?1477668674",65,84,0,0
"adammyates",373563,"https://static.inaturalist.org/attachments/users/icons/373563/medium.jpg?1479893628",65,43,0,0
"mac-e",479957,"https://static.inaturalist.org/attachments/users/icons/479957/medium.jpg?1500315776",65,35,0,0
"anthonywood",457523,"https://static.inaturalist.org/attachments/users/icons/457523/medium.jpg?1493150381",64,49,0,0
"shuetrim",45047,"https://static.inaturalist.org/attachments/users/icons/45047/medium.jpg?1477864086",63,67,0,0
"rudolf",113121,"https://static.inaturalist.org/attachments/users/icons/113121/medium.jpg?1485892354",63,54,0,0
"bexlloyd",384542,"https://static.inaturalist.org/attachments/users/icons/384542/medium.jpg?1510056127",63,49,0,0
"jott5",532579,"",63,12,0,0
"tim_wilms",660551,"https://static.inaturalist.org/attachments/users/icons/660551/medium.jpg?1507369855",63,52,0,0
"turnercichlid",404365,"https://static.inaturalist.org/attachments/users/icons/404365/medium.jpg?1487502980",62,35,0,0
"jonharias",558822,"https://static.inaturalist.org/attachments/users/icons/558822/medium.jpg?1501734913",61,32,0,0
"sudachi",66245,"https://static.inaturalist.org/attachments/users/icons/66245/medium.jpg?1475589723",60,249,0,0
"net8a",114537,"https://static.inaturalist.org/attachments/users/icons/114537/medium.png?1475549005",60,57,0,0
"sflott",514851,"https://static.inaturalist.org/attachments/users/icons/514851/medium.jpg?1511374184",60,53,0,0
"projectsabroadkohsdach",157210,"https://static.inaturalist.org/attachments/users/icons/157210/medium.jpg?1475539110",59,5,0,0
"joemdo",349183,"https://static.inaturalist.org/attachments/users/icons/349183/medium.jpg?1477097260",57,36,0,0
"tsirtalis",19215,"https://static.inaturalist.org/attachments/users/icons/19215/medium.jpg?1506180846",56,36,0,0
"tangatawhenua",125707,"https://static.inaturalist.org/attachments/users/icons/125707/medium.jpg?1475542261",56,23,0,0
"magne",380643,"https://static.inaturalist.org/attachments/users/icons/380643/medium.jpg?1481482132",56,27,0,0
"jacog",451919,"https://static.inaturalist.org/attachments/users/icons/451919/medium.jpeg?1492211729",56,35,0,0
"mracre",4568,"https://static.inaturalist.org/attachments/users/icons/4568/medium.jpeg?1490532346",55,36,0,0
"jakob",5643,"https://static.inaturalist.org/attachments/users/icons/5643/medium.png?1475530151",53,58,0,0
"hartvillestuff",5245,"https://static.inaturalist.org/attachments/users/icons/5245/medium.jpg?1475529946",52,171,0,0
"dwalc400",492264,"",52,30,0,0
"cohen",10505,"https://static.inaturalist.org/attachments/users/icons/10505/medium.jpg?1475532680",50,81,0,0
"frsimkins",224831,"https://static.inaturalist.org/attachments/users/icons/224831/medium.jpg?1494283865",50,14,0,0
"v_s_",396881,"https://static.inaturalist.org/attachments/users/icons/396881/medium.jpg?1497027889",50,24,0,0
"c4b",464354,"https://static.inaturalist.org/attachments/users/icons/464354/medium.jpg?1503249647",50,27,0,0
"d_kluza",13200,"https://static.inaturalist.org/attachments/users/icons/13200/medium.gif?1494813070",49,99,0,0
"jpsilva",26473,"https://static.inaturalist.org/attachments/users/icons/26473/medium.jpg?1475541089",49,100,0,0
"jeaniewilliams",37314,"https://static.inaturalist.org/attachments/users/icons/37314/medium.jpg?1475547141",49,11,0,0
"biohexx1",81261,"https://static.inaturalist.org/attachments/users/icons/81261/medium.png?1475545921",48,23,0,0
"pfuller",412174,"",48,43,0,0
"hfb",510442,"https://static.inaturalist.org/attachments/users/icons/510442/medium.jpeg?1497584290",48,34,0,0
"aliashraf",140612,"https://static.inaturalist.org/attachments/users/icons/140612/medium.jpg?1508023433",47,32,0,0
"airalcorn2",1651,"https://static.inaturalist.org/attachments/users/icons/1651/medium.jpg?1475528091",46,31,0,0
"ruggedbynature",315502,"https://static.inaturalist.org/attachments/users/icons/315502/medium.jpg?1511357022",46,9,0,0
"pagophila",393377,"https://static.inaturalist.org/attachments/users/icons/393377/medium.jpg?1489357267",46,33,0,0
"hypsypops",409703,"https://static.inaturalist.org/attachments/users/icons/409703/medium.jpg?1487637697",46,32,0,0
"leonie_rennie",634703,"",46,8,0,0
"pcar773",144464,"https://static.inaturalist.org/attachments/users/icons/144464/medium.jpeg?1475547282",45,4,0,0
"crystal_hiltz_arc",668831,"",45,18,0,0
"lemurdillo",4862,"https://static.inaturalist.org/attachments/users/icons/4862/medium.jpg?1480012691",44,28,0,0
"kokhuitan",47594,"https://static.inaturalist.org/attachments/users/icons/47594/medium.jpeg?1475588979",44,27,0,0
"joe_cutler",280544,"https://static.inaturalist.org/attachments/users/icons/280544/medium.jpg?1489281921",44,56,0,0
"danielgeorge",21318,"https://static.inaturalist.org/attachments/users/icons/21318/medium.jpg?1475538821",43,33,0,0
"isaacsfishingcorner",379756,"https://static.inaturalist.org/attachments/users/icons/379756/medium.jpg?1504821531",43,26,0,0
"marioleal85",216684,"https://static.inaturalist.org/attachments/users/icons/216684/medium.jpg?1475539776",42,23,0,0
"kestrel",2692,"https://static.inaturalist.org/attachments/users/icons/2692/medium.jpg?1475528559",41,44,0,0
"hdv_diva",416718,"https://static.inaturalist.org/attachments/users/icons/416718/medium.jpeg?1488520385",41,7,0,0
"lfelliott",206,"https://static.inaturalist.org/attachments/users/icons/206/medium.jpg?1502090676",40,35,0,0
"tigran82",163810,"",40,36,0,0
"rosaer",40943,"https://static.inaturalist.org/attachments/users/icons/40943/medium.jpg?1475548414",39,46,0,0
"marisa_a",65154,"https://static.inaturalist.org/attachments/users/icons/65154/medium.jpg?1475589332",38,86,0,0
"inat7",383182,"https://static.inaturalist.org/attachments/users/icons/383182/medium.jpg?1484069941",38,21,0,0
"yannickvm",518687,"",37,30,0,0
"hydaticus",18780,"https://static.inaturalist.org/attachments/users/icons/18780/medium.jpg?1475537522",36,51,0,0
"txfishes",91209,"https://static.inaturalist.org/attachments/users/icons/91209/medium.jpg?1506778571",36,29,0,0
"letitbe793",498186,"",36,31,0,0
"knightericm",23016,"https://static.inaturalist.org/attachments/users/icons/23016/medium.png?1493470841",35,78,0,0
"ncowey",64142,"https://static.inaturalist.org/attachments/users/icons/64142/medium.jpg?1475590057",35,27,0,0
"crittertrackerboss1",253359,"https://static.inaturalist.org/attachments/users/icons/253359/medium.jpg?1511049991",35,24,0,0
"patriciatorrespineda",276833,"https://static.inaturalist.org/attachments/users/icons/276833/medium.jpeg?1475529234",35,41,0,0
"ewrunn1ng",300689,"",35,21,0,0
"csmitelli",376435,"https://static.inaturalist.org/attachments/users/icons/376435/medium.jpg?1485570577",35,77,0,0
"melpz",434584,"",35,22,0,0
"maxbottomtime",440904,"https://static.inaturalist.org/attachments/users/icons/440904/medium.jpg?1491287833",35,34,0,0
"ck2az",264009,"https://static.inaturalist.org/attachments/users/icons/264009/medium.jpg?1501893266",34,12,0,0
"gianlucapolgar",314158,"https://static.inaturalist.org/attachments/users/icons/314158/medium.jpg?1475532068",34,14,0,0
"crx2aj3",368287,"",34,33,0,0
"sergiomtz",457568,"https://static.inaturalist.org/attachments/users/icons/457568/medium.jpg?1501471543",34,28,0,0
"friel",3511,"https://static.inaturalist.org/attachments/users/icons/3511/medium.jpg?1475528889",33,93,0,0
"amlambert11",183583,"https://static.inaturalist.org/attachments/users/icons/183583/medium.jpg?1493171348",33,19,0,0
"katefish",457325,"https://static.inaturalist.org/attachments/users/icons/457325/medium.jpg?1509554803",33,31,0,0
"cherisse_dupreez",672124,"https://static.inaturalist.org/attachments/users/icons/672124/medium.jpg?1508186927",33,8,0,0
"mikeburrell",5967,"https://static.inaturalist.org/attachments/users/icons/5967/medium.jpeg?1475530397",32,23,0,0
"gwark",14812,"https://static.inaturalist.org/attachments/users/icons/14812/medium.jpg?1475535346",32,22,0,0
"sambiology",22589,"https://static.inaturalist.org/attachments/users/icons/22589/medium.jpg?1475539439",32,20,0,0
"cosmiccat",34728,"https://static.inaturalist.org/attachments/users/icons/34728/medium.png?1475546029",32,15,0,0
"zilch-live",476531,"https://static.inaturalist.org/attachments/users/icons/476531/medium.jpg?1504068962",32,8,0,0
"gleblanc756",495990,"",32,21,0,0
"fornaeffe",512793,"https://static.inaturalist.org/attachments/users/icons/512793/medium.jpg?1498629344",32,13,0,0
"lek",59123,"https://static.inaturalist.org/attachments/users/icons/59123/medium.gif?1475588572",31,88,0,0
"andersholder",110147,"https://static.inaturalist.org/attachments/users/icons/110147/medium.jpg?1505011435",31,28,0,0
"camilojotage",86081,"https://static.inaturalist.org/attachments/users/icons/86081/medium.jpg?1512083187",30,17,0,0
"whodden",145644,"https://static.inaturalist.org/attachments/users/icons/145644/medium.jpg?1475547531",30,91,0,0
"fadiyaghmour",186795,"",30,39,0,0
"kathawk",300278,"https://static.inaturalist.org/attachments/users/icons/300278/medium.jpg?1475527763",30,23,0,0
"amandahay",353443,"https://static.inaturalist.org/attachments/users/icons/353443/medium.jpg?1476842062",30,24,0,0
"star3",370785,"",30,15,0,0
"adrian84",376255,"",30,22,0,0
"mattytestoni",445882,"",30,28,0,0
"henicorhina",19563,"https://static.inaturalist.org/attachments/users/icons/19563/medium.jpg?1482809374",29,26,0,0
"melimez",425568,"https://static.inaturalist.org/attachments/users/icons/425568/medium.jpg?1490205196",29,17,0,0
"ccarrollc1",571552,"https://static.inaturalist.org/attachments/users/icons/571552/medium.jpg?1507547890",29,28,0,0
"acanthaster",730980,"",29,28,0,0
"missnarjess",68722,"https://static.inaturalist.org/attachments/users/icons/68722/medium.jpg?1500981952",28,26,0,0
"kylefitzroy",165609,"",28,25,0,0
"psweet",216168,"https://static.inaturalist.org/attachments/users/icons/216168/medium.jpg?1478731222",28,54,0,0
"bethredmondjones",374633,"https://static.inaturalist.org/attachments/users/icons/374633/medium.jpg?1496877739",28,6,0,0
"lachlan_fetterplace",408336,"https://static.inaturalist.org/attachments/users/icons/408336/medium.jpg?1487331964",28,23,0,0
"carmelo_lopez",15211,"https://static.inaturalist.org/attachments/users/icons/15211/medium.jpg?1475535487",27,284,0,0
"naturenate",86100,"https://static.inaturalist.org/attachments/users/icons/86100/medium.jpg?1491323876",27,14,0,0
"levfrid",187197,"https://static.inaturalist.org/attachments/users/icons/187197/medium.jpg?1481305270",27,27,0,0
"jaroslav",218801,"https://static.inaturalist.org/attachments/users/icons/218801/medium.jpg?1475540299",27,39,0,0
"anacarohdez",280151,"https://static.inaturalist.org/attachments/users/icons/280151/medium.jpg?1475529770",27,28,0,0
"tigerbb",306991,"https://static.inaturalist.org/attachments/users/icons/306991/medium.jpg?1475529894",27,14,0,0
"afelix",328678,"https://static.inaturalist.org/attachments/users/icons/328678/medium.jpg?1498017225",27,1,0,0
"noskcaj55",439008,"https://static.inaturalist.org/attachments/users/icons/439008/medium.jpeg?1491068110",27,13,0,0
"gustavofcsouza",629979,"https://static.inaturalist.org/attachments/users/icons/629979/medium.jpg?1505505542",27,25,0,0
"kueda",1,"http://staticdev.inaturalist.org/attachments/users/icons/1/medium.jpg?1475527316",26,112,0,0
"damontighe",3494,"https://static.inaturalist.org/attachments/users/icons/3494/medium.jpg?1475528878",26,39,0,0
"mneilson-usgs",22389,"",26,21,0,0
"ppiero",78411,"https://static.inaturalist.org/attachments/users/icons/78411/medium.jpeg?1513366347",26,1,0,0
"arborsphere",110496,"https://static.inaturalist.org/attachments/users/icons/110496/medium.jpg?1475547923",26,26,0,0
"bridgetspencer",147592,"https://static.inaturalist.org/attachments/users/icons/147592/medium.png?1475548015",26,26,0,0
"umpquamatt",416993,"https://static.inaturalist.org/attachments/users/icons/416993/medium.jpg?1490505704",26,11,0,0
"manuchretien",489869,"",26,9,0,0
"rogerbirkhead",512125,"https://static.inaturalist.org/attachments/users/icons/512125/medium.jpg?1500064867",26,18,0,0
"jeheiple",593014,"https://static.inaturalist.org/attachments/users/icons/593014/medium.jpg?1504657329",26,20,0,0
"jackson_chu",673396,"https://static.inaturalist.org/attachments/users/icons/673396/medium.jpg?1508269030",26,14,0,0
"wendy5",27263,"https://static.inaturalist.org/attachments/users/icons/27263/medium.jpg?1475541613",25,21,0,0
"jdjohnson",155822,"https://static.inaturalist.org/attachments/users/icons/155822/medium.jpg?1487989653",25,23,0,0
"jokurtz",267179,"https://static.inaturalist.org/attachments/users/icons/267179/medium.jpg?1486009596",25,51,0,0
"schoenitz",340786,"https://static.inaturalist.org/attachments/users/icons/340786/medium.jpg?1481050563",25,12,0,0
"garvinma",509673,"",25,15,0,0
"bobby23",516268,"https://static.inaturalist.org/attachments/users/icons/516268/medium.jpg?1507668047",25,17,0,0
"codyhough",2136,"https://static.inaturalist.org/attachments/users/icons/2136/medium.jpg?1475528348",24,49,0,0
"beeboy",13355,"https://static.inaturalist.org/attachments/users/icons/13355/medium.jpg?1475533838",24,25,0,0
"rcolby",85200,"https://static.inaturalist.org/attachments/users/icons/85200/medium.jpeg?1475547066",24,19,0,0
"dentrock",358718,"",24,20,0,0
"saratoga",367660,"",24,21,0,0
"stevelife3",386070,"https://static.inaturalist.org/attachments/users/icons/386070/medium.jpeg?1483472784",24,17,0,0
"kljinsitka",390883,"https://static.inaturalist.org/attachments/users/icons/390883/medium.jpg?1484713849",24,14,0,0
"dama",399359,"https://static.inaturalist.org/attachments/users/icons/399359/medium.jpg?1497839534",24,18,0,0
"ivanngarciia",434920,"https://static.inaturalist.org/attachments/users/icons/434920/medium.jpg?1490667692",24,20,0,0
"rileybio",556223,"https://static.inaturalist.org/attachments/users/icons/556223/medium.jpg?1501533292",24,19,0,0
"spqrblake",675274,"https://static.inaturalist.org/attachments/users/icons/675274/medium.jpg?1508459206",24,14,0,0
"silversea_starsong",6971,"https://static.inaturalist.org/attachments/users/icons/6971/medium.jpg?1496197825",23,47,0,0
"ryanandrews",147487,"https://static.inaturalist.org/attachments/users/icons/147487/medium.jpg?1487890794",23,25,0,0
"globetrot",218401,"https://static.inaturalist.org/attachments/users/icons/218401/medium.jpg?1491051098",23,23,0,0
"pasqualearcheoguide89",440396,"https://static.inaturalist.org/attachments/users/icons/440396/medium.jpeg?1491292733",23,22,0,0
"crowechild",528178,"",23,15,0,0
"feesh",622867,"https://static.inaturalist.org/attachments/users/icons/622867/medium.jpg?1507428757",23,3,0,0
"noahjohnson",716356,"https://static.inaturalist.org/attachments/users/icons/716356/medium.jpg?1511665635",23,22,0,0
"tiwane",28,"http://staticdev.inaturalist.org/attachments/users/icons/28/medium.jpg?1494561255",22,22,0,0
"rudyard",13370,"https://static.inaturalist.org/attachments/users/icons/13370/medium.jpeg?1475533850",22,25,0,0
"rayray",274968,"https://static.inaturalist.org/attachments/users/icons/274968/medium.jpg?1499654375",22,27,0,0
"jeffperry",288697,"https://static.inaturalist.org/attachments/users/icons/288697/medium.jpeg?1475532179",22,35,0,0
"ryan84",292007,"https://static.inaturalist.org/attachments/users/icons/292007/medium.png?1499318813",22,18,0,0
"robjamax",11383,"https://static.inaturalist.org/attachments/users/icons/11383/medium.jpeg?1506347798",21,19,0,0
"hawnzd",51931,"https://static.inaturalist.org/attachments/users/icons/51931/medium.jpg?1495751150",21,15,0,0
"jbroadhead3",228699,"https://static.inaturalist.org/attachments/users/icons/228699/medium.jpg?1503861329",21,19,0,0
"enri7",277946,"https://static.inaturalist.org/attachments/users/icons/277946/medium.jpg?1512257464",21,15,0,0
"danjleavitt",3288,"https://static.inaturalist.org/attachments/users/icons/3288/medium.jpg?1495976290",20,29,0,0
"sarahroberts",38701,"https://static.inaturalist.org/attachments/users/icons/38701/medium.jpg?1475547576",20,65,0,0
"philkahler",71307,"https://static.inaturalist.org/attachments/users/icons/71307/medium.jpg?1475549138",20,7,0,0
"robbuckbirder",179426,"https://static.inaturalist.org/attachments/users/icons/179426/medium.jpg?1499027107",20,12,0,0
"neontetraploid",220795,"https://static.inaturalist.org/attachments/users/icons/220795/medium.jpg?1475540856",20,14,0,0
"rangertreaty50",261991,"https://static.inaturalist.org/attachments/users/icons/261991/medium.jpg?1499040452",20,16,0,0
"amiacalva",369934,"https://static.inaturalist.org/attachments/users/icons/369934/medium.jpg?1479323199",20,18,0,0
"bob_p",376997,"https://static.inaturalist.org/attachments/users/icons/376997/medium.jpg?1487276047",20,17,0,0
"allanlugg",382861,"",20,17,0,0
"rick-ludd",383000,"",20,19,0,0
"jcs13",411512,"https://static.inaturalist.org/attachments/users/icons/411512/medium.png?1512079194",20,17,0,0
"wgsflyfish",454405,"https://static.inaturalist.org/attachments/users/icons/454405/medium.jpg?1492432927",20,18,0,0
"mrbryanames",607566,"https://static.inaturalist.org/attachments/users/icons/607566/medium.jpg?1504006821",20,12,0,0
"justincmiller",663636,"https://static.inaturalist.org/attachments/users/icons/663636/medium.jpg?1507573673",20,20,0,0
"finatic",10285,"https://static.inaturalist.org/attachments/users/icons/10285/medium.jpg?1475532519",19,101,0,0
"budak",45181,"https://static.inaturalist.org/attachments/users/icons/45181/medium.jpeg?1475553526",19,24,0,0
"d99",62883,"",19,16,0,0
"libbing_life",168642,"https://static.inaturalist.org/attachments/users/icons/168642/medium.jpg?1510270812",19,16,0,0
"mnolito",184430,"https://static.inaturalist.org/attachments/users/icons/184430/medium.jpg?1475538518",19,17,0,0
"taytoncatchesfish",580546,"https://static.inaturalist.org/attachments/users/icons/580546/medium.jpg?1502754704",19,8,0,0
"nickcrompton",586309,"https://static.inaturalist.org/attachments/users/icons/586309/medium.gif?1512404182",19,17,0,0
"viktorvg",609022,"https://static.inaturalist.org/attachments/users/icons/609022/medium.jpg?1504300436",19,19,0,0
"chrispayne643",692681,"https://static.inaturalist.org/attachments/users/icons/692681/medium.jpg?1509792253",19,15,0,0
"dpom",16101,"https://static.inaturalist.org/attachments/users/icons/16101/medium.jpg?1483058050",18,116,0,0
"samfellows566",37282,"https://static.inaturalist.org/attachments/users/icons/37282/medium.jpg?1488384555",18,18,0,0
"laragibson",43726,"https://static.inaturalist.org/attachments/users/icons/43726/medium.jpg?1503833099",18,8,0,0
"protopianpicklejar",100068,"https://static.inaturalist.org/attachments/users/icons/100068/medium.jpg?1479484309",18,15,0,0
"salmonskyview",100322,"https://static.inaturalist.org/attachments/users/icons/100322/medium.jpg?1475545034",18,36,0,0
"leibele",112445,"https://static.inaturalist.org/attachments/users/icons/112445/medium.jpg?1475548331",18,14,0,0
"fatroosterfarm",112646,"https://static.inaturalist.org/attachments/users/icons/112646/medium.jpg?1481848741",18,23,0,0
"montanaclan",231584,"https://static.inaturalist.org/attachments/users/icons/231584/medium.png?1475543347",18,20,0,0
"gordon_dietzman",265027,"",18,9,0,0
"daniel_folds",269252,"",18,15,0,0
"mouserk",313458,"https://static.inaturalist.org/attachments/users/icons/313458/medium.jpg?1475531871",18,19,0,0
"rolandwirth",314317,"https://static.inaturalist.org/attachments/users/icons/314317/medium.jpg?1508994726",18,12,0,0
"tylerh",393321,"https://static.inaturalist.org/attachments/users/icons/393321/medium.jpg?1502910781",18,14,0,0
"even928",393365,"",18,15,0,0
"hinatea",394281,"https://static.inaturalist.org/attachments/users/icons/394281/medium.jpg?1485193234",18,15,0,0
"aredmer",398295,"https://static.inaturalist.org/attachments/users/icons/398295/medium.jpg?1492999555",18,18,0,0
"steven_wilson",410670,"https://static.inaturalist.org/attachments/users/icons/410670/medium.jpg?1488510039",18,17,0,0
"upupa-epops",472970,"https://static.inaturalist.org/attachments/users/icons/472970/medium.jpg?1500923902",18,11,0,0
"rkc",652730,"",18,17,0,0
"bernardpicton",10053,"https://static.inaturalist.org/attachments/users/icons/10053/medium.jpg?1475532378",17,13,0,0
"ilouque",31101,"https://static.inaturalist.org/attachments/users/icons/31101/medium.jpg?1487346047",17,13,0,0
"francescoric",33441,"https://static.inaturalist.org/attachments/users/icons/33441/medium.jpg?1505537132",17,16,0,0
"w_mcdaniel",53290,"https://static.inaturalist.org/attachments/users/icons/53290/medium.jpg?1500774402",17,7,0,0
"crispychipp",223726,"https://static.inaturalist.org/attachments/users/icons/223726/medium.jpg?1475541470",17,8,0,0
"koinpro",284003,"https://static.inaturalist.org/attachments/users/icons/284003/medium.jpg?1475530597",17,9,0,0
"thomasbarbin",302785,"https://static.inaturalist.org/attachments/users/icons/302785/medium.jpg?1497150165",17,13,0,0
"grisper",309286,"https://static.inaturalist.org/attachments/users/icons/309286/medium.jpeg?1475530484",17,12,0,0
"vozrozhd",322019,"https://static.inaturalist.org/attachments/users/icons/322019/medium.jpg?1476743532",17,21,0,0
"lucareptile",324885,"https://static.inaturalist.org/attachments/users/icons/324885/medium.jpg?1475535363",17,16,0,0
"jgarwood",329176,"https://static.inaturalist.org/attachments/users/icons/329176/medium.jpg?1511285288",17,18,0,0
"stephencoutts",632188,"https://static.inaturalist.org/attachments/users/icons/632188/medium.jpg?1509360691",17,8,0,0
"andrew_tbc_taylor",637943,"https://static.inaturalist.org/attachments/users/icons/637943/medium.jpg?1510022338",17,11,0,0
"nathanwhalen",640958,"https://static.inaturalist.org/attachments/users/icons/640958/medium.jpg?1506481020",17,17,0,0
"smilelynaomi",729769,"https://static.inaturalist.org/attachments/users/icons/729769/medium.jpeg?1512718005",17,16,0,0
"hfabian",3342,"https://static.inaturalist.org/attachments/users/icons/3342/medium.jpg?1475528806",16,21,0,0
"andyjones",14364,"https://static.inaturalist.org/attachments/users/icons/14364/medium.jpg?1475534199",16,18,0,0
"reallifeecology",15723,"https://static.inaturalist.org/attachments/users/icons/15723/medium.jpg?1475535710",16,20,0,0
"wkcheng71",37171,"https://static.inaturalist.org/attachments/users/icons/37171/medium.jpg?1475547098",16,9,0,0
"stevedaniels",63211,"https://static.inaturalist.org/attachments/users/icons/63211/medium.jpg?1475590266",16,17,0,0
"donquixote",77664,"",16,15,0,0
"markread",113793,"https://static.inaturalist.org/attachments/users/icons/113793/medium.jpg?1495794866",16,13,0,0
"eric_keith",147168,"https://static.inaturalist.org/attachments/users/icons/147168/medium.jpg?1478269924",16,16,0,0
"zanskar",173306,"https://static.inaturalist.org/attachments/users/icons/173306/medium.jpg?1475543155",16,79,0,0
"tom15",174495,"https://static.inaturalist.org/attachments/users/icons/174495/medium.jpg?1497881312",16,14,0,0
"traceybates6",229930,"https://static.inaturalist.org/attachments/users/icons/229930/medium.jpg?1485913042",16,13,0,0
"skrentnyjeff",257635,"https://static.inaturalist.org/attachments/users/icons/257635/medium.jpg?1475535567",16,20,0,0
"afieber",430240,"https://static.inaturalist.org/attachments/users/icons/430240/medium.jpeg?1490240941",16,11,0,0
"walkingstick2",448026,"https://static.inaturalist.org/attachments/users/icons/448026/medium.jpg?1492381952",16,6,0,0
"ndiem",456776,"",16,10,0,0
"beautifulnature",483863,"",16,11,0,0
"lukeberg",499808,"",16,13,0,0
"fishyfish",545561,"https://static.inaturalist.org/attachments/users/icons/545561/medium.jpeg?1509374249",16,12,0,0
"ganeish",566241,"https://static.inaturalist.org/attachments/users/icons/566241/medium.jpg?1502131479",16,16,0,0
"kyle109",582103,"",16,7,0,0
"jmaughn",2873,"https://static.inaturalist.org/attachments/users/icons/2873/medium.jpg?1475528622",15,27,0,0
"tadamcochran",13118,"https://static.inaturalist.org/attachments/users/icons/13118/medium.jpg?1507432881",15,38,0,0
"andrea94",35815,"",15,12,0,0
"wildcarrot",43591,"https://static.inaturalist.org/attachments/users/icons/43591/medium.jpg?1494024288",15,11,0,0
"glmory",52839,"https://static.inaturalist.org/attachments/users/icons/52839/medium.jpg?1475553648",15,78,0,0
"paul_prior",110005,"",15,15,0,0
"gabbieb",140881,"",15,5,0,0
"dijb",248315,"",15,13,0,0
"flyredbird",286560,"https://static.inaturalist.org/attachments/users/icons/286560/medium.jpg?1475531597",15,13,0,0
"kjmcwest",306802,"https://static.inaturalist.org/attachments/users/icons/306802/medium.jpg?1475529847",15,21,0,0
"sienaschool",418935,"",15,7,0,0
"mtracewell",455440,"https://static.inaturalist.org/attachments/users/icons/455440/medium.jpg?1492464721",15,14,0,0
"gablan",504125,"",15,11,0,0
"szjhobbs",537626,"https://static.inaturalist.org/attachments/users/icons/537626/medium.jpg?1500431813",15,15,0,0
"deep_sea_siren",586903,"https://static.inaturalist.org/attachments/users/icons/586903/medium.jpeg?1513642581",15,11,0,0
"prlsouthtaranaki",656094,"https://static.inaturalist.org/attachments/users/icons/656094/medium.jpg?1507070768",15,15,0,0
"tony_wills",16490,"https://static.inaturalist.org/attachments/users/icons/16490/medium.gif?1475536073",14,30,0,0
"rjadams55",108450,"https://static.inaturalist.org/attachments/users/icons/108450/medium.jpg?1475547483",14,40,0,0
"belstudholme",167755,"https://static.inaturalist.org/attachments/users/icons/167755/medium.jpg?1475541229",14,8,0,0
"tallastro",256327,"https://static.inaturalist.org/attachments/users/icons/256327/medium.jpg?1475535412",14,10,0,0
"ash2016",264913,"",14,22,0,0
"juangill",271682,"https://static.inaturalist.org/attachments/users/icons/271682/medium.jpg?1505074999",14,17,0,0
"tayloab",320976,"https://static.inaturalist.org/attachments/users/icons/320976/medium.jpg?1475533859",14,13,0,0
"dendroica_annie",525112,"https://static.inaturalist.org/attachments/users/icons/525112/medium.jpg?1500464349",14,12,0,0
"jaxinewolfe",659858,"https://static.inaturalist.org/attachments/users/icons/659858/medium.jpg?1507677589",14,14,0,0
"andrewdeacon",687366,"https://static.inaturalist.org/attachments/users/icons/687366/medium.jpg?1509255759",14,13,0,0
"mathis3",705651,"https://static.inaturalist.org/attachments/users/icons/705651/medium.jpg?1510884002",14,13,0,0
"annemirdl",7504,"https://static.inaturalist.org/attachments/users/icons/7504/medium.jpeg?1475531214",13,26,0,0
"ryber",9028,"https://static.inaturalist.org/attachments/users/icons/9028/medium.jpg?1476842435",13,27,0,0
"kucycads",9531,"https://static.inaturalist.org/attachments/users/icons/9531/medium.jpg?1475532140",13,57,0,0
"paul_norwood",25990,"https://static.inaturalist.org/attachments/users/icons/25990/medium.jpg?1475540880",13,31,0,0
"aaroncarlson",31792,"https://static.inaturalist.org/attachments/users/icons/31792/medium.jpg?1475544111",13,14,0,0
"dtoth",38482,"",13,9,0,0
"sarka",56029,"https://static.inaturalist.org/attachments/users/icons/56029/medium.jpg?1483627301",13,23,0,0
"danieleseglie",72232,"https://static.inaturalist.org/attachments/users/icons/72232/medium.jpg?1475549359",13,19,0,0
"kristofz",83313,"https://static.inaturalist.org/attachments/users/icons/83313/medium.jpg?1475546520",13,12,0,0
"aguilita",115129,"https://static.inaturalist.org/attachments/users/icons/115129/medium.jpg?1475549115",13,17,0,0
"michaeldiventi",164129,"https://static.inaturalist.org/attachments/users/icons/164129/medium.jpeg?1485366599",13,14,0,0
"krosenthal",192858,"https://static.inaturalist.org/attachments/users/icons/192858/medium.jpg?1475539983",13,11,0,0
"seaslugs",258318,"https://static.inaturalist.org/attachments/users/icons/258318/medium.jpg?1499147864",13,15,0,0
"chinquapin",300377,"https://static.inaturalist.org/attachments/users/icons/300377/medium.jpg?1475527786",13,15,0,0
"catta",308835,"",13,69,0,0
"bekscott",341036,"",13,13,0,0
"kgardner",350861,"https://static.inaturalist.org/attachments/users/icons/350861/medium.jpg?1501868834",13,8,0,0
"mapsandapps",385784,"",13,2,0,0
"maschette",435022,"",13,9,0,0
"ugglana",453158,"",13,11,0,0
"suechrostek",467647,"",13,6,0,0
"ryancooke",469469,"https://static.inaturalist.org/attachments/users/icons/469469/medium.jpg?1497408727",13,8,0,0
"bugmaster13000",506303,"https://static.inaturalist.org/attachments/users/icons/506303/medium.jpg?1497135529",13,9,0,0
"randimarshall",509020,"",13,13,0,0
"miguel1080",614459,"https://static.inaturalist.org/attachments/users/icons/614459/medium.jpg?1504483096",13,13,0,0
"keevilm",624025,"https://static.inaturalist.org/attachments/users/icons/624025/medium.jpg?1510158900",13,13,0,0
"rufiooo",650640,"",13,13,0,0
"michael_bear",8945,"https://static.inaturalist.org/attachments/users/icons/8945/medium.jpg?1490854768",12,10,0,0
"erikamitchell",12158,"https://static.inaturalist.org/attachments/users/icons/12158/medium.jpeg?1475533280",12,24,0,0
"martinmandak",15745,"https://static.inaturalist.org/attachments/users/icons/15745/medium.jpg?1475535724",12,10,0,0
"csavy",19061,"https://static.inaturalist.org/attachments/users/icons/19061/medium.jpg?1475537691",12,298,0,0
"naturenut",25809,"https://static.inaturalist.org/attachments/users/icons/25809/medium.jpg?1475540802",12,11,0,0
"casteloale",91473,"https://static.inaturalist.org/attachments/users/icons/91473/medium.jpg?1475548876",12,29,0,0
"karoltabarellidefatis",92931,"https://static.inaturalist.org/attachments/users/icons/92931/medium.jpg?1475549280",12,7,0,0
"claudia_jeannette",115689,"https://static.inaturalist.org/attachments/users/icons/115689/medium.jpg?1475549254",12,39,0,0
"ncfishes",117766,"",12,10,0,0
"eattaway92",151498,"https://static.inaturalist.org/attachments/users/icons/151498/medium.jpg?1481592877",12,25,0,0
"joshuagsmith",269952,"https://static.inaturalist.org/attachments/users/icons/269952/medium.jpg?1501047025",12,5,0,0
"jackmorley",310747,"https://static.inaturalist.org/attachments/users/icons/310747/medium.jpg?1475530969",12,15,0,0
"toxmace",341557,"https://static.inaturalist.org/attachments/users/icons/341557/medium.jpg?1475536038",12,20,0,0
"flyfshrgrl",380598,"https://static.inaturalist.org/attachments/users/icons/380598/medium.jpg?1481442922",12,7,0,0
"austinbennett",392692,"https://static.inaturalist.org/attachments/users/icons/392692/medium.jpg?1484848037",12,9,0,0
"gparks",397540,"",12,11,0,0
"plutoniumidae_cade",401931,"https://static.inaturalist.org/attachments/users/icons/401931/medium.jpg?1487110078",12,10,0,0
"leithallb",412258,"https://static.inaturalist.org/attachments/users/icons/412258/medium.jpg?1488777629",12,11,0,0
"clairegoodwin_hmsc",477089,"https://static.inaturalist.org/attachments/users/icons/477089/medium.jpg?1497457498",12,5,0,0
"kookamongus",645378,"https://static.inaturalist.org/attachments/users/icons/645378/medium.jpg?1508020441",12,12,0,0
"luisjaquez",671736,"https://static.inaturalist.org/attachments/users/icons/671736/medium.png?1508180015",12,12,0,0
"ian_murdock",676218,"https://static.inaturalist.org/attachments/users/icons/676218/medium.jpg?1511555804",12,3,0,0
"allison_formica",695283,"https://static.inaturalist.org/attachments/users/icons/695283/medium.jpg?1509872727",12,12,0,0
"dremsen",70,"https://static.inaturalist.org/attachments/users/icons/70/medium.jpg?1512413293",11,39,0,0
"johnnybirder",520,"https://static.inaturalist.org/attachments/users/icons/520/medium.jpg?1475527599",11,45,0,0
"cypseloides",6097,"https://static.inaturalist.org/attachments/users/icons/6097/medium.jpg?1475530497",11,7,0,0
"philiptdotcom",14208,"https://static.inaturalist.org/attachments/users/icons/14208/medium.jpg?1475534124",11,10,0,0
"mabernathy",18604,"https://static.inaturalist.org/attachments/users/icons/18604/medium.jpeg?1475537411",11,12,0,0
"lorri-gong",20270,"https://static.inaturalist.org/attachments/users/icons/20270/medium.jpg?1497225843",11,7,0,0
"charro",24791,"https://static.inaturalist.org/attachments/users/icons/24791/medium.jpg?1475527621",11,9,0,0
"gcwarbler",27047,"https://static.inaturalist.org/attachments/users/icons/27047/medium.jpg?1513308684",11,18,0,0
"griff",108372,"https://static.inaturalist.org/attachments/users/icons/108372/medium.jpg?1475547471",11,18,0,0
"oddfitz",115786,"https://static.inaturalist.org/attachments/users/icons/115786/medium.jpg?1504043696",11,5,0,0
"eknuth",199809,"",11,12,0,0
"jordanholaday",220906,"https://static.inaturalist.org/attachments/users/icons/220906/medium.jpg?1475540878",11,16,0,0
"hikingsandiego",228955,"https://static.inaturalist.org/attachments/users/icons/228955/medium.jpeg?1475542881",11,8,0,0
"swells",266296,"https://static.inaturalist.org/attachments/users/icons/266296/medium.jpg?1475536779",11,32,0,0
"moneill",273961,"https://static.inaturalist.org/attachments/users/icons/273961/medium.jpg?1475528719",11,22,0,0
"ben64",295161,"",11,2,0,0
"dwabrams",307029,"",11,10,0,0
"hedstrom",322268,"https://static.inaturalist.org/attachments/users/icons/322268/medium.jpg?1475534140",11,8,0,0
"sandwich",323903,"https://static.inaturalist.org/attachments/users/icons/323903/medium.jpg?1505753967",11,6,0,0
"nezahualpilli",339583,"https://static.inaturalist.org/attachments/users/icons/339583/medium.png?1475529964",11,13,0,0
"aaron_burnette",349470,"",11,18,0,0
"stephen54",350459,"https://static.inaturalist.org/attachments/users/icons/350459/medium.png?1476397501",11,10,0,0
"idlegrraphics",370284,"https://static.inaturalist.org/attachments/users/icons/370284/medium.jpeg?1479341100",11,6,0,0
"jclnature",382469,"https://static.inaturalist.org/attachments/users/icons/382469/medium.jpg?1482213685",11,7,0,0
"richardmonteverdense",386641,"https://static.inaturalist.org/attachments/users/icons/386641/medium.jpg?1489792315",11,11,0,0
"caesarcastillo",389353,"https://static.inaturalist.org/attachments/users/icons/389353/medium.jpeg?1484181312",11,10,0,0
"lizardwizard",402954,"https://static.inaturalist.org/attachments/users/icons/402954/medium.jpg?1500499352",11,8,0,0
"isea",426202,"https://static.inaturalist.org/attachments/users/icons/426202/medium.png?1489775646",11,6,0,0
"diego4nature",427782,"https://static.inaturalist.org/attachments/users/icons/427782/medium.jpg?1491673540",11,6,0,0
"fullsunsteph",432051,"https://static.inaturalist.org/attachments/users/icons/432051/medium.jpg?1490388096",11,10,0,0
"bearboy10",493668,"https://static.inaturalist.org/attachments/users/icons/493668/medium.jpeg?1496029014",11,11,0,0
"diego_n",497509,"",11,10,0,0
"beneaththesurface",510446,"",11,9,0,0
"rachelharborwildwatch",537778,"https://static.inaturalist.org/attachments/users/icons/537778/medium.jpg?1500488907",11,7,0,0
"joe_fish",630365,"",11,3,0,0
"jonathan_rose",676210,"https://static.inaturalist.org/attachments/users/icons/676210/medium.jpg?1508532633",11,3,0,0
"mattgeo1990",705575,"https://static.inaturalist.org/attachments/users/icons/705575/medium.jpeg?1513008501",11,5,0,0
"miwe",721496,"",11,11,0,0
"duarte",3042,"https://static.inaturalist.org/attachments/users/icons/3042/medium.png?1475528686",10,62,0,0
"flight69",3098,"https://static.inaturalist.org/attachments/users/icons/3098/medium.jpg?1475528705",10,6,0,0
"cschalk86",7000,"https://static.inaturalist.org/attachments/users/icons/7000/medium.jpg?1475530898",10,8,0,0
"matthew_salkiewicz",16576,"https://static.inaturalist.org/attachments/users/icons/16576/medium.jpg?1491351951",10,19,0,0
"samuelvaldes",23296,"https://static.inaturalist.org/attachments/users/icons/23296/medium.jpg?1494082819",10,12,0,0
"reuvenm",42004,"https://static.inaturalist.org/attachments/users/icons/42004/medium.jpg?1511555921",10,10,0,0
"iveirizarry",73667,"https://static.inaturalist.org/attachments/users/icons/73667/medium.jpg?1475549728",10,17,0,0
"moventrice",77293,"https://static.inaturalist.org/attachments/users/icons/77293/medium.png?1475553050",10,10,0,0
"joelle",79343,"https://static.inaturalist.org/attachments/users/icons/79343/medium.jpg?1495431503",10,10,0,0
"sarahb",104942,"",10,3,0,0
"drjenny",143037,"https://static.inaturalist.org/attachments/users/icons/143037/medium.jpg?1475546968",10,4,0,0
"gcsnelling",155080,"https://static.inaturalist.org/attachments/users/icons/155080/medium.jpg?1475538462",10,18,0,0
"birdfly",156461,"https://static.inaturalist.org/attachments/users/icons/156461/medium.jpg?1477298630",10,27,0,0
"driftlessroots",249972,"https://static.inaturalist.org/attachments/users/icons/249972/medium.jpg?1475533253",10,9,0,0
"psyllidhipster",275891,"https://static.inaturalist.org/attachments/users/icons/275891/medium.jpg?1475529068",10,8,0,0
"ggoatboy",276236,"https://static.inaturalist.org/attachments/users/icons/276236/medium.jpg?1475529138",10,11,0,0
"tminatbe",322233,"https://static.inaturalist.org/attachments/users/icons/322233/medium.jpg?1478313166",10,2,0,0
"wsimmons",330811,"https://static.inaturalist.org/attachments/users/icons/330811/medium.jpg?1505319799",10,11,0,0
"davidruizdominguez",402714,"https://static.inaturalist.org/attachments/users/icons/402714/medium.jpg?1486564781",10,10,0,0
"astrobirder",420537,"https://static.inaturalist.org/attachments/users/icons/420537/medium.jpg?1512854638",10,5,0,0
"alazere",475845,"https://static.inaturalist.org/attachments/users/icons/475845/medium.jpeg?1499183578",10,10,0,0
"ari10",484431,"https://static.inaturalist.org/attachments/users/icons/484431/medium.png?1495050723",10,8,0,0
"bjones10",514273,"https://static.inaturalist.org/attachments/users/icons/514273/medium.jpg?1498040091",10,7,0,0
"zachtrelfa",606878,"",10,5,0,0
"housesinmotion",616519,"https://static.inaturalist.org/attachments/users/icons/616519/medium.jpg?1504654391",10,6,0,0
"jordanskates",632170,"https://static.inaturalist.org/attachments/users/icons/632170/medium.jpg?1505699869",10,9,0,0
"yeekeat",660445,"https://static.inaturalist.org/attachments/users/icons/660445/medium.jpg?1507632920",10,10,0,0
"jennifer_long",677262,"https://static.inaturalist.org/attachments/users/icons/677262/medium.jpg?1508516851",10,3,0,0
"twinboas",723939,"",10,10,0,0
"zain1224",724460,"https://static.inaturalist.org/attachments/users/icons/724460/medium.jpg?1512314645",10,6,0,0
"shrinksteve",8372,"https://static.inaturalist.org/attachments/users/icons/8372/medium.jpeg?1475531605",9,9,0,0
"mikegrutherford",9016,"https://static.inaturalist.org/attachments/users/icons/9016/medium.jpg?1475531906",9,21,0,0
"mikepatterson",15366,"https://static.inaturalist.org/attachments/users/icons/15366/medium.jpg?1475535529",9,14,0,0
"brianw",33892,"https://static.inaturalist.org/attachments/users/icons/33892/medium.jpg?1475545739",9,58,0,0
"chlorophilia",37277,"https://static.inaturalist.org/attachments/users/icons/37277/medium.jpg?1489083493",9,7,0,0
"vilseskog",44100,"https://static.inaturalist.org/attachments/users/icons/44100/medium.jpg?1475553016",9,7,0,0
"coreyjlange",55236,"https://static.inaturalist.org/attachments/users/icons/55236/medium.jpg?1475588857",9,15,0,0
"jacqui-nz",58314,"https://static.inaturalist.org/attachments/users/icons/58314/medium.jpg?1475588315",9,9,0,0
"wolfsoul",67228,"https://static.inaturalist.org/attachments/users/icons/67228/medium.jpeg?1475590522",9,10,0,0
"cdorsay",112902,"https://static.inaturalist.org/attachments/users/icons/112902/medium.jpg?1475548416",9,18,0,0
"birdizlife",154438,"https://static.inaturalist.org/attachments/users/icons/154438/medium.jpg?1483550165",9,9,0,0
"seavivs",159673,"https://static.inaturalist.org/attachments/users/icons/159673/medium.jpg?1500054406",9,8,0,0
"serpophaga",173183,"https://static.inaturalist.org/attachments/users/icons/173183/medium.png?1485118102",9,10,0,0
"norcaldon",173574,"https://static.inaturalist.org/attachments/users/icons/173574/medium.jpg?1495316766",9,9,0,0
"pdfuenteb",264427,"https://static.inaturalist.org/attachments/users/icons/264427/medium.jpg?1494354173",9,4,0,0
"bigcountrynaturalist",281794,"",9,7,0,0
"daniel112",284401,"https://static.inaturalist.org/attachments/users/icons/284401/medium.jpg?1485113095",9,6,0,0
"aguercio",292111,"https://static.inaturalist.org/attachments/users/icons/292111/medium.jpg?1511027215",9,8,0,0
"guppygirl",313180,"https://static.inaturalist.org/attachments/users/icons/313180/medium.jpg?1475531813",9,7,0,0
"joshuabobcatstacy",323012,"https://static.inaturalist.org/attachments/users/icons/323012/medium.jpg?1475534344",9,3,0,0
"terrilldactyl",364713,"https://static.inaturalist.org/attachments/users/icons/364713/medium.jpg?1509042766",9,6,0,0
"dianafr",424368,"https://static.inaturalist.org/attachments/users/icons/424368/medium.jpg?1496422243",9,8,0,0
"jeffreyjenkerson",444793,"https://static.inaturalist.org/attachments/users/icons/444793/medium.jpeg?1491606014",9,9,0,0
"peaseddy",457952,"",9,1,0,0
"johndreynolds",459348,"https://static.inaturalist.org/attachments/users/icons/459348/medium.jpg?1492796488",9,6,0,0
"jeremybarker",464262,"https://static.inaturalist.org/attachments/users/icons/464262/medium.jpeg?1493132735",9,7,0,0
"nicholas_pickleous",466061,"https://static.inaturalist.org/attachments/users/icons/466061/medium.jpg?1496249167",9,6,0,0
"treedogff",474731,"",9,3,0,0
"charlieheron",484492,"https://static.inaturalist.org/attachments/users/icons/484492/medium.jpg?1495495974",9,8,0,0
"wileygrace",490575,"",9,8,0,0
"randybodkins",492790,"https://static.inaturalist.org/attachments/users/icons/492790/medium.jpg?1495932609",9,7,0,0
"marcelfinlay",514269,"https://static.inaturalist.org/attachments/users/icons/514269/medium.jpg?1508753103",9,7,0,0
"sgoodchild",529560,"https://static.inaturalist.org/attachments/users/icons/529560/medium.jpg?1501909553",9,7,0,0
"billarbon",542677,"https://static.inaturalist.org/attachments/users/icons/542677/medium.jpg?1500991735",9,5,0,0
"johantarzan4600",555226,"https://static.inaturalist.org/attachments/users/icons/555226/medium.jpg?1501862354",9,8,0,0
"redheron_lcoley",660306,"https://static.inaturalist.org/attachments/users/icons/660306/medium.jpg?1507356622",9,6,0,0
"marieraison",674817,"",9,9,0,0
"rondwalsh",707016,"",9,6,0,0
"vermfly",3057,"https://static.inaturalist.org/attachments/users/icons/3057/medium.jpg?1475528688",8,6,0,0
"zabbey",3090,"https://static.inaturalist.org/attachments/users/icons/3090/medium.jpg?1475528703",8,33,0,0
"robberfly",13979,"https://static.inaturalist.org/attachments/users/icons/13979/medium.jpg?1494699553",8,70,0,0
"rhole",33605,"https://static.inaturalist.org/attachments/users/icons/33605/medium.jpg?1492589275",8,8,0,0
"dominic",38280,"https://static.inaturalist.org/attachments/users/icons/38280/medium.jpg?1475547411",8,18,0,0
"elg56",39959,"https://static.inaturalist.org/attachments/users/icons/39959/medium.jpg?1511901455",8,31,0,0
"nationalaquarium",40963,"https://static.inaturalist.org/attachments/users/icons/40963/medium.jpg?1508434477",8,11,0,0
"tnewman",48418,"",8,8,0,0
"janetwright",56162,"https://static.inaturalist.org/attachments/users/icons/56162/medium.jpg?1503161448",8,7,0,0
